Title,Genre,Director,Count
무녀도,"뮤지컬,애니메이션",안재훈,3
싸나희 순정,"드라마,코미디",정병각,0
월하의 작은 구멍,"멜로/로맨스,드라마",윤준세,0
라스트 나잇 인 소호,"공포(호러),스릴러,미스터리",에드가 라이트,3
고스트버스터즈 라이즈,"어드벤처,미스터리,액션",제이슨 라이트맨,5
강릉,"범죄,액션",윤영빈,7
화이트데이: 부서진 결계,공포(호러),송운,0
너에게 가는 길,다큐멘터리,변규리,3
브라더,"범죄,액션",신근호,1
팬텀: 더 뮤지컬 라이브,"뮤지컬,공연",박재석,0
로그 인 벨지움,다큐멘터리,유태오,3
언힐러,"SF,스릴러",마틴 귀귀,0
유체이탈자,"판타지,액션",윤재근,18
태일이,애니메이션,홍준표,6
막내며느리,"성인물(에로),드라마",이시영,0
친구엄마 사용설명서 무삭제판,멜로/로맨스,"",0
라임크라임,드라마,"이승환,유재욱",0
유부녀의 사육 무삭제판,멜로/로맨스,나기라 겐조,0
욕정의 목격자 무삭제판,멜로/로맨스,"",0
새엄마의 욕정중독 무삭제판,멜로/로맨스,"",0
킬링 카인드: 킬러의 수제자,"액션,범죄,스릴러",마틴 캠벨,0
새엄마와 하기 좋은 날,멜로/로맨스,"",0
신의 손,드라마,파올로 소렌티노,0
베네데타,드라마,폴 버호벤,4
새엄마 중독 무삭제판,멜로/로맨스,"",0
불쾌한 섹스 무삭제판,멜로/로맨스,류타,0
대물발킨 며늘님,멜로/로맨스,"",0
다다미 부인의 다다익선,멜로/로맨스,"",0
넣고 빼고 분출하라,멜로/로맨스,"",0
귀멸의 칼날: 주합회의·나비저택 편,애니메이션,소토자키 하루오,0
흥건한 우리 형수! 메구리,드라마,"",0
회사 누나,성인물(에로),강현성,0
외로운 누나,성인물(에로),강현성,0
오르가즘! 절정의 아내,드라마,아사기리 키요시,0
마카오썸씽,"성인물(에로),드라마",리차드 킴,0
귀토-토끼의 팔란,공연,고선웅,0
핫 블러드,액션,신재명,0
죽이러 간다,드라마,박남원,1
장르만 로맨스,"드라마,코미디",조은지,2
연애 빠진 로맨스,"멜로/로맨스,코미디",정가영,4
로또쉐어,"스릴러,액션,범죄",소재익,0
스와핑 : 맛있는 자매,"멜로/로맨스,드라마",한대위,0
동창회에 가는 목적 무삭제,"멜로/로맨스,드라마",조태호,0
쾌락 통제 불능: 음수가 된 마누라,드라마,"",0
아바타의 후예1 : 쾌락의 행성,멜로/로맨스,악셀 브라운,0
나라의 섹시한 유혹,드라마,이로운,0
젖 큰 그녀들의 경쟁섹스,멜로/로맨스,김모리,0
12시에 열리는 쾌락의 문,멜로/로맨스,"",0
타임 이즈 업,멜로/로맨스,"",0
카토 츠바키의 동정사냥,"멜로/로맨스,드라마",타로 타코야키,0
유부녀의 필살 유혹기,"멜로/로맨스,드라마",사노 B사쿠,0
옆방엄마,드라마,한동호,0
여상사의 성교육,"멜로/로맨스,드라마",토미죠 타로,0
모리사와 카나의 동정탈출,"멜로/로맨스,드라마",쿠도 타이요,0
며느리의 벗방,"멜로/로맨스,드라마",사쿠라비토,0
에이펙스,"액션,스릴러","",0
"사비나: 그리스도를 위한 고난, 나치 시대",드라마,존 그루터스,0
카토 츠바키의 동정여행,"멜로/로맨스,드라마",히로아키,0
아케미 미우의 노브라 트레이닝,"멜로/로맨스,드라마",하만,0
섹스돌:리얼 정사,"멜로/로맨스,드라마",쿠도 타이요,0
새엄마의 계곡물,"멜로/로맨스,드라마",히로아키,0
중독: 윗집 아가씨,성인물(에로),리윤,0
조개의 맛 무삭제,"멜로/로맨스,드라마",조태호,0
수상한마사지샵-무삭제,멜로/로맨스,천성준,0
맛 : 엄마친구,"멜로/로맨스,드라마",신승엽,0
노브라 코브라 : 나나미 절정을 보았다,드라마,아사기리 키요시,0
구멍관계,"성인물(에로),멜로/로맨스",리차드 킴,0
글래디에이터: 레전드 워리어,액션,"",0
AS센터 대신맨,멜로/로맨스,"Mr.나,남욱재",0
아내의 몸빵,"멜로/로맨스,드라마",신승엽,0
엔칸토: 마법의 세계,애니메이션,"바이론 하워드,자레드 부시,채리스 카스트로 스미스",5
언포기버블,드라마,"",1
유부녀와 대물남,성인물(에로),강현성,0
세 여자의 유혹,성인물(에로),강현성,0
윤율의 VIP 미용실,멜로/로맨스,남욱재,0
젖고만 동창녀,드라마,"",0
혼숙생활 무삭제,멜로/로맨스,윤경식,0
음욕 사촌동생 무삭제판,멜로/로맨스,테이 쟈가,0
엄마의 연애 2 무삭제,멜로/로맨스,한대위,0
새것 누구나 처음은 있었다 무삭제,멜로/로맨스,윤경식,0
사내 섹스 보고서 무삭제,멜로/로맨스,윤경식,0
맞고사는 남편 무삭제,멜로/로맨스,윤경식,0
마지막 처녀 무삭제,멜로/로맨스,윤경식,0
다른 맛 : 너무 다른 쌍둥이 형제 무삭제,멜로/로맨스,윤경식,0
넣어준 관리인 무삭제판,멜로/로맨스,나기라 겐조,0
교회 여동생 무삭제,멜로/로맨스,윤경식,0
형수님의 하얀 속살 무삭제,"멜로/로맨스,드라마",김환,0
나쁜 처제 3,"멜로/로맨스,드라마",한대위,0
파워 오브 도그,"드라마,멜로/로맨스",제인 캠피온,7
타짜: 백마의 올인,성인물(에로),김동현,0
일장춘몽: 결혼 후에도 잊지 못한 섹스,드라마,비바 곤조,0
이스케이프 슬립,공포(호러),필립 구즈먼,0
완벽한 섹파,멜로/로맨스,김레이,0
섹스라이팅,성인물(에로),성이성,0
자매 돌려먹기 - 무삭제판,멜로/로맨스,김종석,0
어쌔신 더 엑스,액션,아트 카마초,0
승진섹스 - 무삭제판,멜로/로맨스,김종석,0
그녀의 사정,성인물(에로),성운아,0
밀애 : 예쁜 며느리 무삭제,"멜로/로맨스,드라마",최찬호,0
어느순간 내 입에 아!오이,드라마,아사기리 키요시,0
매력적인 장모님 무삭제,멜로/로맨스,최찬호,0
떡 편한 세상,성인물(에로),리윤,0
프렌치 디스패치,"코미디,드라마,멜로/로맨스",웨스 앤더슨,9
F20,스릴러,홍은미,0
후겟츠 웨슬리,"코미디,멜로/로맨스",헉 봇코,0
뱅드림! 필름 라이브 세컨드 스테이지,"애니메이션,공연",우메츠 토모미,0
순정 뺏긴 여직원,멜로/로맨스,아사기리 키요시,0
세 여자의 교환섹스,"멜로/로맨스,드라마",쿠도 타이요,0
발정난 형수와 두 남자,"멜로/로맨스,드라마",쿠도 타이요,0
거유녀들의 아찔한 가슴골,"멜로/로맨스,드라마",타로 코아라,0
싸반,"공포(호러),스릴러",소폰 사크다피싯,0
디어 에반 핸슨,"뮤지컬,드라마",스티븐 크보스키,5
귀멸의 칼날: 나타구모산 편,애니메이션,소토자키 하루오,0
욕정의 요조숙녀,성인물(에로),강현성,0
옆집 누나:젖은 하루,"멜로/로맨스,드라마",사쿠라비토,0
새엄마의 사정,"멜로/로맨스,드라마",사노 B사쿠,0
젊은 새엄마:달아오른 하루,"멜로/로맨스,드라마",히로아키,0
물 많은 후배:빼앗긴 남편,"멜로/로맨스,드라마",윌 친친,0
거유녀와 나쁜놈들,성인물(에로),강현성,0
색다른 그녀,"멜로/로맨스,코미디",김진영,0
젖스타그램,멜로/로맨스,김모리,0
옆집 아줌마,"멜로/로맨스,드라마",이영인,0
섹시한지현의뽀얀속살,멜로/로맨스,이희성,0
미호의 오피스 라이프,"멜로/로맨스,드라마",윤준세,0
"틱, 틱... 붐!","드라마,뮤지컬",린-마누엘 미란다,1
케이지드,"스릴러,드라마,공포(호러),범죄",아론 피옐맨,1
흠뻑 젖은 새엄마,"멜로/로맨스,드라마",히로아키,0
촉촉한 며느리,"멜로/로맨스,드라마",사쿠라비토,0
이웃여자:맛 보여줄게,"멜로/로맨스,드라마",조니 시부야,0
소원 들어주는 유부녀:한 번 합시다,"멜로/로맨스,드라마",토미죠 타로,0
69번가육덕진가정교사-무삭제,성인물(에로),이희성,0
태양은 움직이지 않는다,액션,하스미 에이이치로,0
아담스 패밀리 2,"애니메이션,코미디,가족","그렉 티어넌,콘래드 베논",2
귀멸의 칼날: 남매의 연,애니메이션,소토자키 하루오,1
유부녀의 성욕,성인물(에로),강현성,0
"색녀, 내 동생의 여자",성인물(에로),강현성,0
매일 밤 흥건한 유부녀,드라마,아사기리 키요시,0
끝내주는 명기 여상사,드라마,아사기리 키요시,0
불륜은 역시 이웃과,멜로/로맨스,미시마 로쿠사부로,0
시그널 X: 영혼의 구역,"미스터리,SF",닐 블롬캠프,0
세버그,"드라마,스릴러","",1
사대명포: 제국의 비밀,"액션,미스터리","",0
아낌없이 주는 거유 새엄마,"멜로/로맨스,드라마",사쿠라비토,0
이터널스,"액션,어드벤처,드라마",클로이 자오,22
흠뻑 젖은 친구여친,"멜로/로맨스,드라마",K-타로,0
팬티 두고 간 옆집 여자,"멜로/로맨스,드라마",버드맨 텟페이,0
일본 누나:화끈 플레이,"멜로/로맨스,드라마",쿠와티,0
이웃집에 AV걸이 산다,"멜로/로맨스,드라마",버드맨 텟페이,0
연애 : 섹스의 기술 무삭제,멜로/로맨스,한대위,0
양방언과 국립국악관현악단-인투 더 라이트,공연,양방언,0
스와핑 : 옆집 신혼부부,"멜로/로맨스,드라마",최찬호,0
장모 무릎위 사위,멜로/로맨스,"",0
월세대신 몸세,멜로/로맨스,"",0
욕정 다이어리 : 에로부부 무삭제판,멜로/로맨스,"",0
스타킹 : 그녀의 음모,멜로/로맨스,윤수현,0
섹스를 달리는 비행소녀 무삭제판,멜로/로맨스,핑크라이더,0
성욕이 운다,멜로/로맨스,"",0
내 여친은 에로배우,"코미디,멜로/로맨스",이상수,0
정사 : 딸의 남자친구 무삭제,성인물(에로),최찬호,0
쉿!누나의 비밀 무삭제,"성인물(에로),멜로/로맨스,드라마",패콘,0
언노운 에이전트 더 미션,액션,"",0
맛 좋은 시골 무: 아래로 먹는 일본 새댁,드라마,"",0
깨복쟁이,드라마,김훈희,0
보안노출,"성인물(에로),범죄",리차드 킴,0
자매사육 :캠핑에서 생긴일,"드라마,성인물(에로)",한동호,0
윤율아씨의 쓰리쿠션,"드라마,멜로/로맨스",김태훈,0
에로스 커플의 섹스고백,드라마,이로운,0
스와핑 : 친구의 아내 3 무삭제,"멜로/로맨스,드라마",최찬호,0
이터널 친구엄마,멜로/로맨스,"",0
시아버지의 탐욕,멜로/로맨스,"",0
스토퀸 무삭제판,멜로/로맨스,에로핑,0
섹스를 달리는 비행소녀,멜로/로맨스,핑크라이더,0
새엄마의 욕정중독,멜로/로맨스,"",0
새엄마 중독,멜로/로맨스,"",0
맛좋은 소꿉친구 무삭제판,멜로/로맨스,에로핑,0
다 받아주는 콜센터,멜로/로맨스,Mr.나,0
마마2,공포(호러),래리 리긴스,0
섹스 연금 적립 워킹맘,드라마,"",0
오빠 한번 믿어봐,멜로/로맨스,김종석,0
전지적 섹스 시점 : 전.섹.시,드라마,이로운,0
출사모델의 성욕,"성인물(에로),드라마",핑크라이더,0
도련님의 물건 무삭제,"멜로/로맨스,드라마",신우찬,0
동생 아내 무삭제,성인물(에로),최찬호,0
마누라는 이웃집 흑형 바디 프렌드,드라마,"",0
음란전쟁,멜로/로맨스,이동현,0
"아들아, 이건 아니지!",드라마,한동호,0
스와핑 : 여자 헬스 트레이너,"멜로/로맨스,드라마",최찬호,0
고장난 론,애니메이션,"사라 스미스,장 필립 바인,옥타비오 E. 로드리게즈",2
가슴 큰 친구여친 무삭제,멜로/로맨스,한대위,0
퍼펙트 스틸,"범죄,액션","",0
구원받은 도둑,드라마,"",0
최면섹스:옆집여자,"멜로/로맨스,드라마",쿠도 타이요,0
처제의 봉사,"멜로/로맨스,드라마",나가에 타카미,0
젖은 면접:질펀한 거래,"멜로/로맨스,드라마",K-타로,0
만취한 옆집여자의 서비스,"멜로/로맨스,드라마",디렉터 O,0
애프터: 관계의 함정,멜로/로맨스,"",0
할로윈 킬즈,공포(호러),데이빗 고든 그린,0
바다 탐험대 옥토넛 : 육지수호 대작전,"애니메이션,액션,어드벤처","",0
형수 안에 들락날락,"멜로/로맨스,드라마",버드맨 텟페이,0
리얼돌과의 환상섹스,"멜로/로맨스,드라마",쿠도 타이요,0
남편 몰래 섹스 파티,"멜로/로맨스,드라마",나가에 타카미,0
거유 바니걸 리나,"멜로/로맨스,드라마",버드맨 텟페이,0
밤마다 불타는 아내의 성욕,드라마,"",0
관음증 유부녀의 욕정,드라마,"",0
풋풋한여대생소라의신음소리,멜로/로맨스,이희성,0
키스의 신,"성인물(에로),코미디",이시영,0
사정의 콜센타,"멜로/로맨스,드라마",윤준세,0
탐스러운 친구여친,멜로/로맨스,마메자와 마메타로,0
음란한 큰가슴,멜로/로맨스,"",0
피치 오브 타임 극장판,"멜로/로맨스,드라마",장의순,0
상상 특급 섹스,성인물(에로),강현성,0
더 하더 데이 폴,"액션,어드벤처","",2
라스트 듀얼: 최후의 결투,"액션,스릴러",리들리 스콧,2
듄,SF,드니 빌뇌브,27
남의 여자 맛본 남편,성인물(에로),강현성,0
베놈 2: 렛 데어 비 카니지,"액션,SF,스릴러",앤디 서키스,0
킬링 오브 투 러버스,멜로/로맨스,"",0
푸른 호수,드라마,저스틴 전,0
친구 엄마의 성교육,성인물(에로),사루,0
욕정의 고향,성인물(에로),정지승,0
바람난 남편,"멜로/로맨스,드라마",이영인,0
물 오른 엄마친구,멜로/로맨스,카와이 조지,0
흥건한 장모의 사생활,"멜로/로맨스,드라마",버드맨 텟페이,0
젖은 며느리,"멜로/로맨스,드라마",버드맨 텟페이,0
에로소설가의 질펀한 스킬,"멜로/로맨스,드라마",히이라기 엔부,0
쉬지않는 며느리,멜로/로맨스,토미죠 타로,0
속궁합 짝꿍,"멜로/로맨스,드라마",윤준세,0
선배가 해주는 섹스교육,"멜로/로맨스,드라마",쿠와티,0
눈떠보니 남편상사,멜로/로맨스,"",0
졸트,액션,타니아 웩슬러,0
스페이스 독 3: 트로피컬 어드벤처,"애니메이션,어드벤처",이나 예블라니코바,0
바바리안,드라마,"",0
19번가물많은여자친구-무삭제,성인물(에로),이희성,0
부적절한 삽입,성인물(에로),강현성,0
뒷골목 러브호텔,성인물(에로),강현성,0
옆집 돌싱맘의 맛,"멜로/로맨스,드라마",디렉터 O,0
세컨드 샷,"멜로/로맨스,드라마",이희성,0
불타는 밤:한 번 해봅시다,"멜로/로맨스,드라마",K-타로,0
내 아내가 다른 남자와 한다,"멜로/로맨스,드라마",사쿠라비토,0
과부형수,"멜로/로맨스,드라마",쿠도 타이요,0
만족한 장모님,멜로/로맨스,마메자와 마메타로,0
기운센 새아들,멜로/로맨스,"",0
컴백트레일,"코미디,범죄",조지 갈로,0
매직 스쿨: 초보마법사 아우라의 대모험,"애니메이션,판타지","",0
